Model,Metric,Error
baseline,MAE,374.44274333350256
baseline,MSE,254783.2676256174
baseline,MAE,309.2273534232042
baseline,MSE,174711.58422780145
baseline,MAE,366.375426016643
baseline,MSE,248516.57767754534
baseline,MAE,364.48705754544534
baseline,MSE,242911.4544124588
baseline,MAE,336.40132998633135
baseline,MSE,210466.010721228
baseline,MAE,352.4012493434506
baseline,MSE,225468.55698537437
baseline,MAE,316.89020211406995
baseline,MSE,182468.47714428607
baseline,MAE,388.7853227398345
baseline,MSE,278372.211398752
baseline,MAE,360.88557988573126
baseline,MSE,236660.50674219945
baseline,MAE,297.8983485147777
baseline,MSE,172055.11460561774
TRTS,MAE,404.9317121143418
TRTS,MSE,281988.81003549957
TRTS,MAE,522.969450913867
TRTS,MSE,428662.1972618143
TRTS,MAE,357.6257986647096
TRTS,MSE,254001.3205360651
TRTS,MAE,387.2141437631464
TRTS,MSE,263795.1821899439
TRTS,MAE,494.5487194152802
TRTS,MSE,375937.3679728313
TRTS,MAE,374.33429540711563
TRTS,MSE,255359.09694587623
TRTS,MAE,406.6800303390683
TRTS,MSE,288367.32591207884
TRTS,MAE,371.84714178017384
TRTS,MSE,256061.15875312465
TRTS,MAE,375.6250259264497
TRTS,MSE,268753.8178096061
TRTS,MAE,371.79251147547996
TRTS,MSE,257826.3974752824
TSTR,MAE,584.2532025853749
TSTR,MSE,665239.7308028288
TSTR,MAE,549.7717013212007
TSTR,MSE,606087.9544344161
TSTR,MAE,626.0640805377665
TSTR,MSE,754060.3689368897
TSTR,MAE,564.3339466339528
TSTR,MSE,778054.9277730043
TSTR,MAE,589.7809867605893
TSTR,MSE,719032.351806187
TSTR,MAE,626.5868028667423
TSTR,MSE,728626.610672054
TSTR,MAE,605.0395237381463
TSTR,MSE,728458.4479144505
TSTR,MAE,583.2095140613354
TSTR,MSE,823108.0368640716
TSTR,MAE,596.1746505334248
TSTR,MSE,667162.6398399208
TSTR,MAE,615.4675638847893
TSTR,MSE,853648.7192704655
combined,MAE,383.8397266059904
combined,MSE,289027.5270403087
combined,MAE,385.9526378224853
combined,MSE,293859.2197502495
combined,MAE,393.69613808267553
combined,MSE,306033.2717934693
combined,MAE,386.5493619921552
combined,MSE,298077.491575326
combined,MAE,370.2172977554966
combined,MSE,267708.5763575532
combined,MAE,389.2456128957196
combined,MSE,297569.8445803424
combined,MAE,392.4380709929785
combined,MSE,303517.0890027162
combined,MAE,376.13985122540885
combined,MSE,273256.4855953711
combined,MAE,367.83731765111145
combined,MSE,269913.56608527334
combined,MAE,372.78933037990623
combined,MSE,282626.23754630197
