Model,Metric,Error
baseline,MAE,2780.3634793061137
baseline,MSE,11017370.659392098
TRTS,MAE,3069.3179298933014
TRTS,MSE,13002496.2311887
TSTR,MAE,2212.830059610844
TSTR,MSE,7162744.606358159
combined,MAE,1672.0798952105476
combined,MSE,3638984.1171597466
